epoch,step,train_loss,val_loss
0,18,,2.290226459503174
1,37,,1.6413434743881226
2,56,,1.380950927734375
3,75,,1.2658932209014893
4,94,,1.2093586921691895
5,99,1.1847639083862305,
5,113,,1.1666525602340698
