epoch,step,train_loss,val_loss
213,4047,,0.35502225160598755
213,4066,,0.3579537570476532
214,4085,,0.35791170597076416
215,4099,0.4090374708175659,
215,4104,,0.3538316488265991
216,4123,,0.35051387548446655
217,4142,,0.34840860962867737
218,4161,,0.3442469835281372
