epoch,step,val_loss
0,18,13.098596572875977
1,37,1.7690767049789429
2,56,1.5058190822601318
3,75,1.2652231454849243
