epoch,step,train_loss,val_loss
219,4180,,0.3433685302734375
220,4199,0.39983826875686646,
220,4199,,0.3425706923007965
