epoch,step,train_loss,val_loss
0,9,153.19468688964844,
0,18,,25.217567443847656
1,19,8.295278549194336,
1,29,2.9669883251190186,
1,37,,1.7033196687698364
2,39,3.7672414779663086,
2,49,7.492926597595215,
2,56,,1.693766474723816
3,59,1.7799580097198486,
3,69,2.7826342582702637,
3,75,,1.644290566444397
4,79,2.243091583251953,
4,89,1.4820055961608887,
4,94,,1.2706059217453003
5,99,1.2615090608596802,
5,109,1.2368334531784058,
