epoch,step,train_loss,val_loss
256,4865,,0.31111612915992737
256,4884,,0.30971431732177734
257,4899,0.3101639747619629,
257,4903,,0.3010474145412445
258,4922,,0.2958140969276428
259,4941,,0.3024555444717407
260,4960,,0.29057368636131287
261,4979,,0.2984987497329712
262,4998,,0.2869592010974884
